{"cameraMode":{"drawMode":0,"name":"Shaded","section":"Shading Mode"},"sceneLighting":false,"audioPlay":false,"sceneViewState":{"showFog":true,"showMaterialUpdate":false,"showSkybox":true,"showFlares":true,"showImageEffects":true,"showParticleSystems":true},"in2DMode":false,"pivot":{"x":-4.037148475646973,"y":0.7540000677108765,"z":1.1649999618530274},"rotation":{"x":-0.27014100551605227,"y":0.7161327004432678,"z":-0.3649556338787079,"w":-0.5300803184509277},"size":3.041691780090332,"orthographic":false}