{"cameraMode":{"drawMode":0,"name":"Shaded","section":"Shading Mode"},"sceneLighting":false,"audioPlay":false,"sceneViewState":{"showFog":true,"showMaterialUpdate":false,"showSkybox":true,"showFlares":true,"showImageEffects":true,"showParticleSystems":true},"in2DMode":false,"pivot":{"x":-0.1741352081298828,"y":0.1239696741104126,"z":0.47359561920166018},"rotation":{"x":0.08835382014513016,"y":0.9012946486473084,"z":-0.3629298508167267,"w":0.21941646933555604},"size":26.155675888061525,"orthographic":false}