{"cameraMode":{"drawMode":0,"name":"Shaded","section":"Shading Mode"},"sceneLighting":false,"audioPlay":false,"sceneViewState":{"showFog":true,"showMaterialUpdate":false,"showSkybox":true,"showFlares":true,"showImageEffects":true,"showParticleSystems":true},"in2DMode":false,"pivot":{"x":-33.14680862426758,"y":-0.5080304741859436,"z":-4.836566925048828},"rotation":{"x":-0.12702400982379914,"y":0.8373052477836609,"z":-0.21960631012916566,"w":-0.4843117892742157},"size":37.7657356262207,"orthographic":false}