{"cameraMode":{"drawMode":0,"name":"Shaded","section":"Shading Mode"},"sceneLighting":false,"audioPlay":false,"sceneViewState":{"showFog":true,"showMaterialUpdate":false,"showSkybox":true,"showFlares":true,"showImageEffects":true,"showParticleSystems":true},"in2DMode":false,"pivot":{"x":0.00078582763671875,"y":39.35129165649414,"z":0.0002288818359375},"rotation":{"x":0.08835382014513016,"y":0.9012946486473084,"z":-0.3629298508167267,"w":0.21941646933555604},"size":408.920166015625,"orthographic":false}